plotID,stratum,species,t1cover,t2cover,t3cover,t4cover,t5cover,avgcover
1,groundcover,Citriobatus pauciflorus,1,1,1,1,1,1
1,groundcover,Doodia aspera,5,15,7,10,11,9.6
1,groundcover,Adiantum hispidulum,3,0,0,0,3,1.2
1,groundcover,Gymnostachys anceps,0,1,2,2,1,1.2
1,groundcover,Lomandra longifolia,7,3,4,3,3,4
1,groundcover,Carex longebrachiata,0,2,1,3,2,1.6
1,groundcover,Commelina cyanea,0,0,0,0,0,0
1,groundcover,Eustrephus latifolius,0,3,2,2,2,1.8
1,groundcover,"tree seedlings (C. apetalum, T. laurina, A. smithii)",5,20,1,2,2,6
1,shrub,Guoia semiglauca,3,1,1,1,0,1.2
1,shrub,Citriobatus pauciflorus,2,2,2,1,2,1.8
1,shrub,Cryptocarya glaucesens,0,10,15,6,3,6.8
1,shrub,Doryphora sassafras,2,0,20,0,0,4.4
1,shrub,Acmena smithii,7,20,15,10,25,15.4
1,shrub,Cerratopetalum apetalum,8,5,20,10,0,8.6
1,shrub,Tristaniopsis laurina,0,0,0,0,10,2
1,shrub,Abrophyllum ornans,15,1,3,15,13,9.4
1,shrub,Syzygium floribundum,0,5,0,3,12,4
1,shrub,Neolitsea dealbata,0,1,0,0,0,0.2
1,canopy,Doryphora sassafras,20,0,7,0,0,5.4
1,canopy,Acmena smithii,50,30,25,35,70,42
1,canopy,Ceratopetalum apetalum,0,10,5,0,0,3
1,canopy,Tristaniopsis laurina,15,15,15,20,10,15
1,canopy,Abrophyllum ornans,5,10,10,0,0,5
1,canopy,Syzygium floribundum,0,35,0,15,0,10
2,groundcover,Coprosma quadrifida,10,25,5,4,8,10.4
2,groundcover,Adiantum aethiopicum,2,15,10,3,5,7
2,groundcover,Doodia aspera,40,8,30,25,40,28.6
2,groundcover,Carex polyantha,20,10,40,65,15,30
2,groundcover,Tristaniopsis laurina,1,3,2,2,2,2
2,groundcover,Dianella caerulea,0,5,0,0,0,1
2,groundcover,Oplismenus aemulus,0,0,0,2,0,0.4
2,groundcover,Tylophora barbata,0,0,0,0,1,0.2
2,groundcover,Blechnum nudum,0,14,2,0,0,3.2
2,groundcover,Lomandra longifolia,0,2,2,1,1,1.2
2,groundcover,Dichondra repens,0,0,0,0,3,0.6
2,shrub,Coprosma quadrifida,0,0,0,2,2,0.8
2,shrub,Tristaniopsis laurina,30,15,50,70,30,39
2,shrub,Smilax australis,3,0,1,0,0,0.8
2,shrub,Pittosporum revolutum,0,1,0,0,0,0.2
2,shrub,Notalea venosa,0,0,0,1,0,0.2
2,canopy,Tristaniopsis laurina,80,70,30,20,45,49
3,groundcover,Pteridium esculentum,20,7,8,8,0,8.6
3,groundcover,Calochlaena dubia,12,23,40,27,15,23.4
3,groundcover,Blechnum nudum,0,12,0,0,0,2.4
3,groundcover,Lomandra longifolia,3,23,18,10,15,13.8
3,groundcover,Coprosma quadrifida,1,2,0,0,0,0.6
3,groundcover,Adiantum aethiopicum,2,1,1,6,2,2.4
3,groundcover,Anagalis arvensis,1,1,5,2,2,2.2
3,groundcover,Senecio prenanthoides,1,0,0,0,0,0.2
3,groundcover,Misc. forbs,1,0,0,1,1,0.6
3,groundcover,Rubus fructiosus,1,0,0,0,1,0.4
3,groundcover,Rubus parvifolius,1,0,1,3,0,1
3,groundcover,Poa meionectes,30,5,4,32,15,17.2
3,groundcover,Misc. grasses,2,7,1,3,2,3
3,groundcover,Hydrocotyle peduncularis,0,0,0,0,0,0
3,groundcover,Dichondra repens,0,0,0,0,3,0.6
3,groundcover,Carex polyantha,0,0,0,0,1,0.2
3,shrub,Coprosma quadrifida,0,6,1.5,0,2.5,2
3,shrub,Pomaderris aspera,5,15,49,0,8,15.4
3,shrub,Senecio prenanthoides,5,1,0,2,5,2.6
3,shrub,Leptospermum brevipes,15,15,3,20,17.5,14.1
3,shrub,Acacia mearnsii,0,0,5,0,0,1
3,shrub,Cassinia aculeata,0,0,0,1,3.75,0.95
3,shrub,Lomatia myricoides,0,0,5,0,0,1
3,shrub,Acacia melanoxylon,2,0,0,6,0,1.6
3,shrub,Bursaria spinosa,0,0,0,0,4,0.8
3,shrub,Pteridium esculentum,7,5,2,4,4,4.4
3,subcanopy,Acacia mearnsii,0,0,0,0,0,0
3,subcanopy,Acacia melanoxylon,12,0,0,7.5,0,3.9
3,subcanopy,Pomaderris aspera,0,20,30,0,0,10
3,subcanopy,Leptospermum brevipes,0,5,0,1,0,1.2
3,subcanopy,Eucalyptus viminalis,0,0,0,0,3,0.6
3,canopy,Acacia melanoxylon,3,0,0,0,0,0.6
3,canopy,Acacia mearnsii,0,0,0,1,0,0.2
3,canopy,Eucalyptus viminalis,60,30,20,15,20,29
4,groundcover,Pellaea falcata,10,15,8,6,6,9
4,groundcover,Oplismenus aemulus,30,5,7,4,10,11.2
4,groundcover,Dichondra repens,1,1,1,1.5,4,1.7
4,groundcover,Pteridium esculentum,0,2,3,6,5,3.2
4,groundcover,Hymenathera dentata,2,1,1,,5,2.25
4,groundcover,Acacia floribunda,0,0,1,0,0,0.2
4,groundcover,Tylophora barbata,0,0,0,0,1,0.2
4,groundcover,Carex longebrachiata,1,4,7,10,2,4.8
4,groundcover,Wadbilliga appressa,3,1,0,0,0,0.8
4,groundcover,Hydrocotyle peduncularis,1,0,0,1,0,0.4
4,groundcover,Hydrocotyle tripartita,0,0,0,0,1,0.2
4,groundcover,Microlaena stipoides,10,3,10,12,2,7.4
4,groundcover,Stellaria flaccida ,2,0,2,2,0,1.2
4,groundcover,Glycine microphylla,0,0,0,1,0,0.2
4,groundcover,Coprosma quadrifida,0,1,2,1,0,0.8
4,groundcover,Conyza sumatrensis,0,0,0,0,0,0
4,groundcover,Misc. grasses,2,1,2,2,2,1.8
4,groundcover,Lomandra longifolia,4,20,0,1,1,5.2
4,groundcover,Doodia aspera,0,6,0,0,0,1.2
4,groundcover,Asplenium flabelifolium,5,2,0,0,0,1.4
4,groundcover,Urtica incisa,4,0,0,1,0,1
4,shrub,Pteridium esculentum,0,0,0,2,5,1.4
4,shrub,Bursaria spinosa,2,0,0,4,0,1.2
4,shrub,Hymenathera dentata,20,7,0,17,6,10
4,shrub,Acacia floribunda,4,8,30,5,3,10
4,shrub,Lomatia myricoides,0,0,1.5,0,8,1.9
4,shrub,Ozothamnus diosmifolium,1,1,0,0,1,0.6
4,shrub,Coprosma quadrifida,0,0,1,1,1.5,0.7
4,shrub,Casuarina cunninghamiana,2,0,0,0,0,0.4
4,shrub,Beyeria lasiocarpa,0,0,1,0,2,0.6
4,shrub,Notelaea longifolia,0,0,2,0,0,0.4
4,shrub,Cassinia trinerva,0,10,0,0,0,2
4,subcanopy,Acacia floribunda,0,0,15,7,0,4.4
4,subcanopy,Casuarina cunninghamiana,2,0,0,0,0,0.4
4,subcanopy,Eucalyptus cypellocarpa,0,2,0,0,0,0.4
4,canopy,Eucalyptus cypellocarpa,0,15,10,10,5,8
4,canopy,Casuarina cunninghamiana,60,5,20,15,80,36
4,canopy,Eucalyptus agglomerata,2,0,0,0,0,0.4
5,groundcover,Pteridium esculentum,0,1,0,0,0,0.2
5,groundcover,Carex longebrachiata,1,0,3,1,0,1
5,groundcover,Backhousia myrtifolia,2,0,0,0,3,1
5,groundcover,Oplismenus aemulus,0,2,1,0,1,0.8
5,groundcover,Acacia floribunda,0,1,0,0,0,0.2
5,groundcover,Hymenathera dentata,1,0,1,1,1,0.8
5,groundcover,Poa meionectes,0,3.5,2,3,2,2.1
5,groundcover,Dichondra repens,0,2,1,2,1,1.2
5,groundcover,Austrostipa ramosissima,0,0,10,0,0,2
5,groundcover,Entolasia marginata,0,0,1,1,2,0.8
5,groundcover,Pellaea falcata,0,0,1,0,0,0.2
5,groundcover,Lomandra longifolia,2,2.5,3,7,0,2.9
5,groundcover,Lepidosperma laterale,0,3,0,15,0,3.6
5,groundcover,Tristaniopsis laurina,1,0,1,2,1,1
5,groundcover,Microlaena stipoides,10,60,50,25,5,30
5,groundcover,Carex gaudichaudiana,1,0,0,0,0,0.2
5,groundcover,Entolasia stricta,0,0,7,0,0,1.4
5,groundcover,Misc. grasses,1,3,2,2,2,2
5,shrub,Backhousia myrtifolia,2,1.5,1,0,80,16.9
5,shrub,Acacia floribunda,30,7,10,3,2,10.4
5,shrub,Tristaniopsis laurina,30,6,4,25,5,14
5,shrub,Casuarina cunninghamiana,5,0,0,0,0,1
5,shrub,Hymenathera dentata,1,0,0,2,0,0.6
5,shrub,Eucalyptus elata,0,1m^2 trunk,0,0,0,0
5,shrub,Acacia mearnsii,0,0,0,4,0,0.8
5,subcanopy,Backhousia myrtifolia,0,0,0,0,30,6
5,subcanopy,Acacia floribunda,0,0,5,0,0,1
5,subcanopy,Tristaniopsis laurina,10,21,5,0,0,7.2
5,subcanopy,Casuarina cunninghamiana,15,5,0,0,0,4
5,canopy,Casuarina cunninghamiana,30,15,5,25,5,16
5,canopy,Eucalyptus elata,2,15,0,0,0,3.4
6,groundcover,Lepidosperma laterale,0,2,4,2,3.5,2.3
6,groundcover,Dichondra repens,1,0,0,0,0,0.2
6,groundcover,Hibbertia aspera subsp. aspera,0,2,0,0,0,0.4
6,groundcover,Entolasia stricta,0,0,0,1,0,0.2
6,groundcover,Microlaena stipoides,1.5,5,2,1,0,1.9
6,groundcover,Lomandra longifolia,8,5,1,7,12,6.6
6,groundcover,Hymenathera dentata,0,2,0,4,0,1.2
6,groundcover,Astroloma humifusum,3,6,0,3,3,3
6,groundcover,misc. grasses,5,0,0,0,2,1.4
6,groundcover,Cryptandra spinescens,3,0,1.5,2,4,2.1
6,shrub,Callistemon subulatus,0,0,8,5,3,3.2
6,shrub,Leptospermum brevipes,50,12,6,35,35,27.6
6,shrub,Acacia mearnsii,4,6,4,0,0,2.8
6,shrub,Acacia floribunda,6,30,6,25,10,15.4
6,shrub,Notelaea venosa,5,0,0,0,0,1
6,shrub,Casuarina cunninghamiana,3,3,2,20,8,7.2
6,subcanopy,Casuarina  cunninghamiana,8,25,20,30,3,17.2
6,subcanopy,Acacia mearnsii,0,1,0,0,0,0.2
6,subcanopy,Leptospermum brevipes,3,0,0,0,1,0.8
6,canopy,Casuarina cunninghamiana,8,5,8,10,0,6.2
7,groundcover,Pteridium esculentum,0,5,0,0,0,1
7,groundcover,Lomandra longifolia,13,5,7,4,1,6
7,groundcover,Carex appressa,5,5,1,0,1,2.4
7,groundcover,Ehrharta erecta,5,5,1,0,1,2.4
7,groundcover,Rubus fruticosa agg.,2,0,3,1,0,1.2
7,groundcover,misc. grasses,1,1,0,1,1,0.8
7,groundcover,debris,5,7,10,20,70,22.4
7,shrub,Lomatia myricoides ,0,0,1,0,0,0.2
7,shrub,Pomaderris aspera,2,3,2,0,0,1.4
7,shrub,Acacia dealbata,8,12,10,10,30,14
7,shrub,Acacia melanoxylon,0,0,6,0,0,1.2
7,shrub,Acacia boormanii,10,20,30,5,1,13.2
7,shrub,Beyeria viscosa,5,3,10,8,5,6.2
7,shrub,Leptospermum brevipes,0,0,5,0,0,1
7,subcanopy,Acacia dealbata,15,10,30,5,30,18
7,subcanopy,Eucalyptus rubida,15,32,10,30,15,20.4
7,canopy,Eucalyptus rubida,32,70,2,0,5,21.8
8,groundcover,Stellaria flaccida,0,22.5,0,0,5,5.5
8,groundcover,Rubus fruticosus agg.,5,30,30,15,15,19
8,groundcover,Hymenathera dentata,0,2,0,1,0,0.6
8,groundcover,Coprosma quadrifida,0,2,0,1,0,0.6
8,groundcover,Poa labillardierei,0,12,1,0,0,2.6
8,groundcover,Acaena novae-zelandiae,0,2,0,1,8,2.2
8,groundcover,Misc. grasses,0,1,1,1,1,0.8
8,groundcover,Prunella vulgaris,0,1,0,0,5,1.2
8,groundcover,Blechnum nudum,90,25,7,2,12,27.2
8,groundcover,misc. herbs / forbs,0,0,2,1,2,1
8,groundcover,Carex appressa,4,2,10,10,20,9.2
8,groundcover,Adiantum aethiopicum,0,0,0,1,0,0.2
8,groundcover,Pteridium esculentum,0,0,0,0,0,0
8,groundcover,Rubus parvifolius,0,0,3,1,2,1.2
8,groundcover,Calochlaena dubia,0,6,3,1,4,2.8
8,groundcover,Cirsium vulgare,0,0,0,0,2,0.4
8,groundcover,Calochlaena dubia,0,0,30,0,0,6
8,shrub,Hymenathera dentata,3,15,0,1.5,0,3.9
8,shrub,Coprosma quadrifida,20,12,10,6,0,9.6
8,shrub,Pomaderris aspera,0,20,5,12,0,7.4
8,shrub,Leptospermum brevipes,0,3,0,7.5,0,2.1
8,shrub,Acacia dealbata,0,0,0,7,0,1.4
8,shrub,Leptospermum grandifolium,0,0,0,0,3,0.6
8,shrub,Lomatia myricoides,0,0,0,2,0,0.4
8,subcanopy,Pomaderris aspera,0,10,10,17,0,7.4
8,subcanopy,Acacia melanoxylon,5,0,0,0,0,1
8,subcanopy,Leptospermum brevipes,0,20,0,30,0,10
8,subcanopy,Acacia dealbata,18,0,0,0,10,5.6
8,canopy,Acacia melanoxylon,40,30,0,0,0,14
8,canopy,Eucalyptus camphora subsp. humeana,0,30,60,70,30,38
8,canopy,Eucalyptus radiata,10,0,0,0,0,2
9,groundcover,Pteridium esculentum,17,10,2,15,3,9.4
9,groundcover,Poa labilliardieri,17,85,15,35,15,33.4
9,groundcover,Rubus parvifolius,0,1,2,3,1,1.4
9,groundcover,Viola hederacea,1,1,1,1,2,1.2
9,groundcover,Geranium homeanum,0,0,0,1,0,0.2
9,groundcover,Calochlaeana dubia,0,0,12,4,2,3.6
9,groundcover,Coprosma quadrifida,2,0,2,1.5,2,1.5
9,groundcover,Platylobium formosum,0,3,1,0,3,1.4
9,groundcover,Dianella tasmanica,0,0,1,1,0,0.4
9,groundcover,Blechnum nudum,2.5,2,1,3,4,2.5
9,groundcover,Juncus sp.,2,0,0,0,0,0.4
9,groundcover,Carex appressa,2,0,0,0,5,1.4
9,groundcover,Dichondra repens,0,0,0,0,1,0.2
9,groundcover,Rubus fruticosus agg.,0,0,1,1,0,0.4
9,groundcover,Cyathea sp.,2,0,0,0,0,0.4
9,groundcover,Misc. grasses,0,2,1,1,1,1
9,shrub,Bedfordia salicina,6,2,7,0,6,4.2
9,shrub,Lomatia myricoides,6,2,40,5,2,11
9,shrub,Lomatia illicifolia,1,0,0,10,0,2.2
9,shrub,Eucalyptus camphora subsp. humeana,1,3,0,2,1,1.4
9,shrub,Acacia dealbata,1,4,2,1,0,1.6
9,shrub,Cassinia aculeata,2,5,7,12,4,6
9,shrub,Pultenaea juniperina,2,11,17.5,3,2,7.1
9,shrub,Prostanthera lasianthos,12,3,10,2,8,7
9,shrub,Coprosma quadrifida,4,0,3,4,20,6.2
9,shrub,Platylobium formosum,0,0,0,1,3,0.8
9,shrub,Leptospermum grandifolium,0,0,0,0,5,1
9,shrub,Pomaderris aspera,5,1,1,1,3,2.2
9,shrub,Leptospermum brevipes,0,0,0,0,5,1
9,shrub,Hovea asperifolia,0,0,0,0,0,0
9,shrub,Tieghemopanax sambucifolius,0,0,2,0,1,0.6
9,shrub,Eucalyptus radiata,0,1.5,2,2,2,1.5
9,shrub,Acacia melanoxylon,0,0,0,0,3,0.6
9,subcanopy,Acacia dealbata,80,65,40,30,65,56
9,subcanopy,Eucalyptus camphora subsp. humeana,0,0,0,1,0,0.2
9,subcanopy,Eucalyptus viminalis,0,0,0,1,0,0.2
9,subcanopy,Eucalyptus radiata,0,15,10,0,12,7.4
9,canopy,Acacia dealbata,5,0,0,10,10,5
9,canopy,Eucalyptus vimnalis,2,0,10,0,5,3.4
9,canopy,Eucalyptus radiata,0,20,0,0,10,6
10,groundcover,Adiantum aethiopicum,2,5,4,1,1,2.6
10,groundcover,Dichonra repens,1,1,1,1,0,0.8
10,groundcover,Poa sieberiana,15,5,6,2,1,5.8
10,groundcover,Carex appressa,5,1,1,0,1,1.6
10,groundcover,Pteridium esculentum,3,0,2,1,3,1.8
10,groundcover,Lastreopsis decomposita,0,0,0,10,3,2.6
10,groundcover,Microlaena stipoides,1,2,2,2,3,2
10,groundcover,Rubus parvifolius,1,1,2,0,0,0.8
10,groundcover,Dianella tasmanica,0,1,0,1,0,0.4
10,groundcover,Urtica incisa,0,1,3,0,0,0.8
10,shrub,Rubus fruticosus agg.,30,10,5,15,2,12.4
10,shrub,Lomatia myricoides,0,0,3,0,0,0.6
10,shrub,Coprosma quadrifida,25,20,15,35,20,23
10,shrub,Ozothamnus diosmifolium,5,2,0,0,0,1.4
10,shrub,Bursaria spinosa,25,30,40,30,20,29
10,shrub,Acacia pravissima,2,2,0,0,0,0.8
10,shrub,Cassinia aculeata,10,2,6,5,0,4.6
10,shrub,Pomaderris aspera,0,15,4,8,0,5.4
10,shrub,Leptospermum brevipes,40,25,10,0,5,16
10,shrub,Leptospermum brevipes,10,10,10,5,0,7
10,shrub,Rosa rubiginosa,0,0,3,0,0,0.6
10,shrub,Eucalyptus stellulata,0,5,0,0,0,1
10,shrub,Acacia dealbata,0,0,2,0,0,0.4
10,subcanopy,Leptospermum brevipes,20,40,0,80,50,38
10,subcanopy,Leptospermum sp.,0,0,0,10,0,2
10,subcanopy,Eucalyptus stellulata,5,20,5,0,0,6
10,subcanopy,Eucalyptus camphora subsp. humeana,0,5,0,0,5,2
10,subcanopy,Pomaderris aspera,0,15,0,0,0,3
10,canopy,Leptospermum brevipes,0,0,0,15,20,7
10,canopy,Eucalyptus stellulata,20,20,25,60,0,25
10,canopy,Eucalyptus camphora subsp. humeana,5,30,0,0,40,15
11,groundcover,Xanthium occidentale,1,10,8,5,3,5.4
11,groundcover,Lomandra longifolia,70,3,0,9,5,17.4
11,groundcover,Sider rhombifolia,0,0,8,0,0,1.6
11,groundcover,Tagetes minuta,2,1.5,3,0,0,1.3
11,groundcover,Juncus continuus,1,1,8,0,1,2.2
11,groundcover,Verbena quadrangularis,1,0,2,0,1,0.8
11,groundcover,Centella asiatica,0,0,1,0,0,0.2
11,groundcover,Geranium homeanum,0,0,2,1,0,0.6
11,groundcover,Rumex brownii,0,0,0,1,0,0.2
11,groundcover,Hydrocotyle penduncularis,1,0,1.5,2,4,1.7
11,groundcover,Pratia purparescens,0,0,1,1,0,0.4
11,groundcover,Paspalum dilatatum,0,0,0,1,0,0.2
11,groundcover,Microlaena stipoides,20,45,70,80,95,62
11,groundcover,Cayratia clematidea,0,0,1,0,0,0.2
11,groundcover,Poa sieberiana,0,0,1,3,1.5,1.1
11,groundcover,Hydrocotyle tripartita,0,0,0,1,1,0.4
11,groundcover,Tradescantia fluminensis,1,1,0,0,0,0.4
11,groundcover,Bidens subalternans,7,4,7,1,0,3.8
11,groundcover,Bidens pilosa,2,0,5,0,0,1.4
11,groundcover,Commelina cyanea,3,15,10,0,2,6
11,groundcover,Urtica incisa,0,30,1,0,0,6.2
11,groundcover,Trifolium repens,0,0,1,2,0,0.6
11,groundcover,Persicaria strigosa,0,3,1,0,0,0.8
11,groundcover,Oplismenus imbecillis,0,3,10,0,2,3
11,groundcover,Cymbopogon refractus,0,1,0,0,0,0.2
11,groundcover,Carex sp.,8,0,5,0,0,2.6
11,groundcover,Imperata cylindrica,0,15,0,0,2,3.4
11,shrub,Acacia irrorata,0,0,40,0,0,8
11,shrub,Cayratia clematidea,0,0,5,0,0,1
11,shrub,Hymenathera dentata,0,1,0,0,0,0.2
11,shrub,Casuarina cunninghamiana,3,1,1,0,12,3.4
11,shrub,Notelaea microcarpa subsp. microcarpa,0,0,4,5,10,3.8
11,subcanopy,Casuarina cunninghamiana,3,20,7,0,0,6
11,subcanopy,Eucalyptus ampifolia,1,0,0,0,0,0.2
11,subcanopy,Acacia irrorata,0,0,15,0,0,3
11,canopy,Casuarina cunninghamiana,0,35,1,0,2,7.6
11,canopy,Eucalyptus ampifolia,1,1,5,40,3,10
12,groundcover,Commelina cyanea,30,75,15,4,0,24.8
12,groundcover,Urtica incisa,5,5,3,0,0,2.6
12,groundcover,Pteridium esculentum,1,10,3.5,0,0,2.9
12,groundcover,Bidens pilosa,6,3,0,0,1,2
12,groundcover,Bidens subalternans,1,0,0,0,0,0.2
12,groundcover,Lomandra hystrix,7,18,12,35,2.5,14.9
12,groundcover,Conyza sp.,0,0,4,1,0,1
12,groundcover,Callystegia marginata,3,0,0,0,0,0.6
12,groundcover,Conyza parva,10,0,6,0,0,3.2
12,groundcover,Geranium molle,0,0,0,0,1,0.2
12,groundcover,Cayratia clematidea,0,1,0,0,0,0.2
12,groundcover,Pennisetum clandestinum,95,50,2,1,0,29.6
12,groundcover,Entolasia stricta,1,1,0,1,0,0.6
12,groundcover,Verbena bonariensis,0,1,0,1,1,0.6
12,groundcover,Microlaena stipoides,0,17,2,0,5,4.8
12,groundcover,Stephania japonica,1,0,0,0,0,0.2
12,groundcover,Oplismenus imbecillis,1,1,5,0,5,2.4
12,groundcover,Geitnoplesium cymosum,0,0,1,1,0,0.4
12,groundcover,Paspalum dilatatum,0,0,0,1,1,0.4
12,groundcover,Imperata cylindrica,0,0,0,13,15,5.6
12,groundcover,Misc. herbs,1,1,2,1,3,1.6
12,groundcover,Senecio sp.,0,0,0,0,1,0.2
12,groundcover,Hypochaeris radicata,1,0,0,0,0,0.2
12,groundcover,Setaria pumila,0,2,1,0,1,0.8
12,groundcover,Debris,0,5,0,0,0,1
12,groundcover,Imperata cylindrica,0,1,0,3,45,9.8
12,shrub,Sida rhombifolia,0,6,0,0,6,2.4
12,shrub,Tagetes minuta,3,0,1,0,0,0.8
12,shrub,Solanum mauritaniana,5,20,2,0,0,5.4
12,shrub,Lingustrum sinsense,0,15,7.5,0,0,4.5
12,shrub,Hymenathera dentata,4,25,30,0,6,13
12,shrub,Acacia floribunda,4,0,5,0.1,2,2.22
12,shrub,Notelaea microcarpa subsp. velutina,0,0,0,0,7,1.4
12,shrub,Eucalyptus tereticornis,0,0,0,2,0,0.4
12,shrub,Angophora subvelutina,0,0,0,2,0,0.4
12,shrub,Rhytidosporum diosmoides,0,0,2,0,0,0.4
12,shrub,Acacia irrorata,10,2,13,10,8,8.6
12,shrub,Solanum nigrum,0,10,0,0,2,2.4
12,subcanopy,Eucalyptus tereticornis,0,0,0,2,0,0.4
12,subcanopy,Angophora subvelutina,0,0,0,1,0,0.2
12,canopy,Eucalyptus tereticornis,50,1,10,40,65,33.2
12,canopy,Angophora subvelutina,0,0,0,10,25,7
12,canopy,Casuarina cunninghamiana,10,70,0,0,0,16
13,groundcover,Geitnoplesium cymosum,0,1,1,1,1,0.8
13,groundcover,Oplismenus imbecillis,3,0,30,75,30,27.6
13,groundcover,Oplismenus aemulus,0,6,5,4,0,3
13,groundcover,Stephania japonica,2,2,0,0,3,1.4
13,groundcover,Dichondra repens,0,0,10,1,5,3.2
13,groundcover,Centella asiatica,1,0,15,0,1,3.4
13,groundcover,Lomandra longifolia,15,2,6,10,12,9
13,groundcover,Adiantum aethiopicum,0,0,0,0,2,0.4
13,groundcover,Imperata cylindrica,0,3.5,2,3,2,2.1
13,groundcover,Lepironia articulata,8,2.5,0,1,0,2.3
13,groundcover,Calochlaena dubia,70,60,5,0,15,30
13,groundcover,Oxalis exilis,0,0,0,0,0,0
13,groundcover,Pteridium esculentum,0,5,2,5,5,3.4
13,groundcover,Entolasia marginata,0,1.5,1,1,1,0.9
13,groundcover,Misc. grasses,0,0,0,1,0,0.2
13,groundcover,Misc. herbs,0,0,0,1,0,0.2
13,shrub,Stephania japonica,1,1,0,0,1,0.6
13,shrub,Acacia leiocalyx,9,8,10,5,1.5,6.7
13,shrub,Parsonia straminea,1,0,0,0,0,0.2
13,shrub,Casuarina glauca,3.5,0,0,0,0,0.7
13,shrub,Breynia oblongifolia,0,0,2,0,1,0.6
13,shrub,Trema tormentosa subsp. aspera,0,1,4,0,1,1.2
13,shrub,Notelaea longifolia,0,0,8,0,10,3.6
13,shrub,Acacia irrorata,0,0,0,1,0,0.2
13,shrub,Syzygium oleosum,0,13,2,2,15,6.4
13,shrub,Pomaderris aspera,0,3,0,0,0,0.6
13,shrub,Alphitonia excelsa,0,4,3,12,3,4.4
13,shrub,Grevillea robusta,0,0,0,0,2,0.4
13,shrub,Duboisia myoporoides,2,0,3,0,1,1.2
13,shrub,Acacia floribunda,0,7,6,7,1,4.2
13,shrub,Morinda jasminoides,1,0,0,0,0,0.2
13,shrub,Melaleuca quinquenervia,0,0,2,3,1,1.2
13,shrub,Lophostemon suaveolens,0,0,0,0,0,0
13,shrub,Micrantheum hexandrum,2,0,0,0,0,0.4
13,subcanopy,Acacia leiocalyx,7.5,0,0,0,1,1.7
13,subcanopy,Casuarina glauca,1,2.5,5,50,0,11.7
13,subcanopy,Syzygium oleosum,0,3,0,0,5,1.6
13,subcanopy,Alphitonia excelsa,3,5,5,0,0,2.6
13,subcanopy,Duboisia myoporoides,15,0,12.5,0,10,7.5
13,subcanopy,Melaleuca quinquenervia,0,0,0,1,0,0.2
13,subcanopy,Lophostemon suaveolens,0,10,0,0,0,2
13,subcanopy,Grevillea robusta,0,0,0,0,8,1.6
13,subcanopy,Leptospermum brachyandrum,0,0,0,0,4,0.8
13,canopy,Casuarina glauca,0,12,10,20,3,9
13,canopy,Syzygium oleosum,0,0,0,0,0,0
13,canopy,Alphitonia excelsa,70,0,5,0,7,16.4
13,canopy,Melaleuca quinquenervia,0,0,0,50,0,10
13,canopy,Duboisia myoporoides,0,0,0,0,3,0.6
13,canopy,Lophostemon suaveolens,0,80,35,2,30,29.4
13,canopy,Grevillea robusta,0,0,0,0,5,1
13,canopy,Unknown tree,0,0,15,0,45,12
14,shrub,Leptospermum brevipes,3,6,32.5,0,0,8.3
14,shrub,Acacia dealbata,3,2,3,5,5,3.6
14,shrub,Hovea asperifolia subsp. asperifolia,2.5,50,15,0,0,13.5
14,shrub,Cassinia aculeata,5,5,0,2,1,2.6
14,shrub,Lomatia myricoides,2,10,11,5,0,5.6
14,shrub,Acacia pravissima,30,25,70,55,45,45
14,shrub,Eucalyptus radiata,0,0,0,1,0,0.2
14,shrub,Eucalyptus vimnalis,2,0,5,0,0,1.4
14,shrub,Pomaderris aspera,1,0,2.5,0,1,0.9
14,shrub,Dodonea viscosa subsp. viscosa,2.5,0,0,10,5,3.5
14,shrub,Acacia implexa,2.5,10,0,5,1,3.7
14,shrub,Acacia falciformis,3,3,0,0,0,1.2
14,subcanopy,Acacia dealbata,50,12.5,13,0,0,15.1
14,subcanopy,Eucalyptus radiata,0,0,0,10,0,2
14,subcanopy,Eucalyptus viminalis,15,0,10,0,10,7
14,canopy,Eucalyptus radiata,1,30,0,35,0,13.2
14,canopy,Eucalyptus viminalis,90,0,15,5,25,27
15,groundcover,Doodia aspera,0,0,0,15,0,3
15,groundcover,Lingustrum sinense,2,1.5,1,5,0,1.9
15,groundcover,Adiantum hispidulum,5,0,0,0,0,1
15,groundcover,Adiantum aethiopicum,0,15,2.5,0,0,3.5
15,groundcover,Oplismenus imbecillis,0,2.5,0,0,0,0.5
15,groundcover,Tradescantia fluminensis,2.5,0,6,0,2.5,2.2
15,groundcover,Gymnostachys anceps,0,2,0,10,0,2.4
15,groundcover,Lomandra longifolia,30,17.5,0,0,0,9.5
15,groundcover,Guoia semiglauca,0,1,0,0,0,0.2
15,groundcover,Pandora pandorea,2,0,0,0,0,0.4
15,shrub,Trophis scandens,0,2,4,4,10,4
15,shrub,Ripogonum album,35,60,45,30,90,52
15,shrub,Solanum mauritaniana,5,0,0,0,0,1
15,shrub,Lingustrum sinsense,25,20,0,0,0,9
15,shrub,Dendrocnide excelsa,50,0,0,0,0,10
15,shrub,Acmena smithii,0,15,0,1,0,3.2
15,shrub,Glichodion ferdinandi,40,0,0,0,0,8
15,subcanopy,Ripogonum album,0,0,20,15,60,19
15,subcanopy,Commersonia fraseri,0,50,0,0,10,12
15,subcanopy,Acmena smithii,0,0,55,10,0,13
15,canopy,Acmena smithii,0,0,0,0,25,5
15,canopy,Eucalyptus tereticornis,15,10,50,55,10,28
15,canopy,Eucalyptus resinifera,50,0,20,25,0,19
